INSERT INTO user (id, version, dni, email, enabled, first_name, last_name, password, phone, role) VALUES (1, 0, '00000000U', 'admin@okto.com', true, 'Admin', 'Okto', '$2a$11$tNG1UpCgjuTgsesqG/E5AO7ATTTBqUlxxCE0A5eFtF6IP6CP8LHiO', '000000000', 'admin');
INSERT INTO user (id, version, dni, email, enabled, first_name, last_name, password, phone, role) VALUES (2, 0, '00000000V', 'user@okto.com', true, 'User', 'Okto', '$2a$11$rhd86bJZ8VPusllK5NLC7eMnhrDLxs4yRKgzWW8Nuo3yqj4jqxzWq', '000000001', 'user');
INSERT INTO user (id, version, dni, email, enabled, first_name, last_name, password, phone, role) VALUES (3, 0, '00000000W', 'manager@okto.com', true, 'Manager', 'Okto', '$2a$11$FjH2IdykAlt5cX9A.EF/LOxfOiLg4VLs04gNG96q2/5zLaKP382d.', '000000002', 'manager');
INSERT INTO user (id, version, dni, email, enabled, first_name, last_name, password, phone, role) VALUES (4, 0, '12345678A', 'user1@okto.com', true, 'Carlos Rodrigo', 'Sanabria Flores', '$2a$11$EBfrFDITUCKmj8KZArAiq.dcDGY80kZkz0qF.Bo2C53fZlh9xA7dK', '111111111', 'user');
INSERT INTO user (id, version, dni, email, enabled, first_name, last_name, password, phone, role) VALUES (5, 0, '12345678B', 'user2@okto.com', true, 'Félix', 'Rodríguez Pericacho', '$2a$11$Ozv/viqw03EUA77Vz/THw.REtqC0Zh3tyT/4p/JkYwg/FFN9IVFmu', '222222222', 'user');
INSERT INTO user (id, version, dni, email, enabled, first_name, last_name, password, phone, role) VALUES (6, 0, '12345678C', 'user3@okto.com', true, 'Álvaro', 'Braza Andrades', '$2a$11$naJGXerMtY3B96Mx1gtem.5gnrk.fFN66nVJ.ix77gc0ej01YdLq2', '333333333', 'user');
INSERT INTO user (id, version, dni, email, enabled, first_name, last_name, password, phone, role) VALUES (7, 0, '12345678D', 'user4@okto.com', true, 'Borja', 'Romero Fernández', '$2a$11$3/QkaFHrFudfJVPjUUfcPu5Yl6g9ub5ZkuoF0fGnwHpKqGWQVf6/W', '444444444', 'user');
INSERT INTO user (id, version, dni, email, enabled, first_name, last_name, password, phone, role) VALUES (8, 0, '12345678E', 'user5@okto.com', true, 'Juan', 'Ruiz Bonald', '$2a$11$0UzMkkB9wC9UzfNFboSVte2bf0Yjxb4Zx2DGGwC.n4ozDT5mC45Xe', '555555555', 'user');
INSERT INTO user (id, version, dni, email, enabled, first_name, last_name, password, phone, role) VALUES (9, 0, '12345678F', 'user6@okto.com', true, 'Rubén', 'Montero Domínguez', '$2a$11$aevUyJlA7zrGq1uOLhvYaOxbYGNokn14q6zup14Zy4L9WC2.Jix0S', '666666666', 'user');
INSERT INTO user (id, version, dni, email, enabled, first_name, last_name, password, phone, role) VALUES (10, 0, '12345678G', 'user7@okto.com', true, 'Carmen del Mar', 'Ruiz de Celis', '$2a$11$sLzypUMuxR0sTgZgxTNby.phQVo84AZxUSnWewBAjCk5FScFtFC.u', '777777777', 'user');
INSERT INTO user (id, version, dni, email, enabled, first_name, last_name, password, phone, role) VALUES (11, 0, '12345678H', 'user8@okto.com', true, 'Esperanza', 'Cano Canalejas', '$2a$11$OVEkHp0OkgeqsX0LvKMixuBCXSSPYSlOi5odl5TBx24B6xSm4mJAm', '888888888', 'user');
INSERT INTO user (id, version, dni, email, enabled, first_name, last_name, password, phone, role) VALUES (12, 0, '12345678I', 'user9@okto.com', true, 'Paloma', 'Martínez-Esparza Castro', '$2a$11$XFDILvk/rtLuiGoev.j9kuQzpguyT5hEooj2MzBJ1kFhpv634LozK', '999999999', 'user');
INSERT INTO user (id, version, dni, email, enabled, first_name, last_name, password, phone, role) VALUES (13, 0, '12345678J', 'user10@okto.com', true, 'Kevin', 'López Cala', '$2a$11$3NjwV3w0KCyUX28/68UEuusiXvlCcHyz/KNiiYEQ/KLdZ13gfaAGC', '101010101', 'user');
INSERT INTO user (id, version, dni, email, enabled, first_name, last_name, password, phone, role) VALUES (14, 0, '12345678K', 'user11@okto.com', true, 'Rafael', 'Román Aguilar', '$2a$11$Q.AV72CSyFSsCZWdktg.oe7mYlRvvGuYgDWqXG.9BQKLuhUx4EmC6', '110110110', 'user');
INSERT INTO user (id, version, dni, email, enabled, first_name, last_name, password, phone, role) VALUES (15, 0, '12345678L', 'user12@okto.com', true, 'Claudia', 'Soriano Roldán', '$2a$11$0rPwYzivuQfXGC6Qbf3.deYOlA/iNw/mkd69hbwnipIsvN6BPn3iC', '121212121', 'user');
INSERT INTO user (id, version, dni, email, enabled, first_name, last_name, password, phone, role) VALUES (16, 0, '12345678M', 'user13@okto.com', true, 'Pedro', 'Soriano Ruiz', '$2a$11$YWTFQ.E9iMO0zUs5ANFU1Ob/Cmdat5/KcPjrMF.oMQlvTLrDM9hJu', '131313131', 'user');
INSERT INTO user (id, version, dni, email, enabled, first_name, last_name, password, phone, role) VALUES (17, 0, '12345678N', 'user14@okto.com', true, 'Raúl', 'Escribano Corrales', '$2a$11$GgTw9KvBc/HP0EiPE.pejOiU4Zt1bB9UsaMM3JmhLYQhlGryPdtWS', '141414141', 'user');
INSERT INTO user (id, version, dni, email, enabled, first_name, last_name, password, phone, role) VALUES (18, 0, '12345678O', 'user15@okto.com', true, 'Pablo', 'Granados Valencia', '$2a$11$NxTmF9/VUN3zgmM7LsaixOoVUCApfurc2hIAWiS4GWZPoFmd49z3.', '151515151', 'user');
INSERT INTO user (id, version, dni, email, enabled, first_name, last_name, password, phone, role) VALUES (19, 0, '12345678P', 'user16@okto.com', true, 'Marta', 'Rendón Salvador', '$2a$11$DPeJZ6NR7E69zP2pnaWpR.yYkDa6WQmDMnnwm48VT.Q8VwI0Mt5mC', '161616161', 'user');
INSERT INTO user (id, version, dni, email, enabled, first_name, last_name, password, phone, role) VALUES (20, 0, '12345678Q', 'user17@okto.com', true, 'Luis', 'de Celis Muñoz', '$2a$11$FUPQov9xxBrS/6LYH8umn.2G/.3WuZGne79jCFskHw7XPv/lZzzVG', '171717171', 'user');
INSERT INTO user (id, version, dni, email, enabled, first_name, last_name, password, phone, role) VALUES (21, 0, '12345678R', 'user18@okto.com', true, 'José María', 'Castaño Torres', '$2a$11$5/jgyXjark/SK9ltYRqLh.uo6XDHQJqAW/0imfbBt20uzs9PwAY1m', '181818181', 'user');
INSERT INTO user (id, version, dni, email, enabled, first_name, last_name, password, phone, role) VALUES (22, 0, '12345678S', 'user19@okto.com', true, 'Antonio', 'Espinosa Barrios', '$2a$11$xZczusdo8UJ3dS5j7sprjO/eejwdsPpvBgkv62OWKsVMsNFxB10h2', '191919191', 'user');
INSERT INTO user (id, version, dni, email, enabled, first_name, last_name, password, phone, role) VALUES (23, 0, '12345678T', 'user20@okto.com', true, 'Pablo', 'López Márquez', '$2a$11$JFiIBZqgZY71pfqNVWpAiu..Y/bnq.9nT/Am8WSEjD7uvr.Vt7ro.', '202020202', 'user');
INSERT INTO ship (id, version, capacity, length, name) VALUES (1, 0, 3000, 23, 'Costa Concordia');
INSERT INTO ship (id, version, capacity, length, name) VALUES (2, 0, 3000, 23, 'Carnival Glory');
INSERT INTO ship (id, version, capacity, length, name) VALUES (3, 0, 3000, 23, 'Carnival Legend');
INSERT INTO ship (id, version, capacity, length, name) VALUES (4, 0, 3000, 23, 'Carnival Liberty');
INSERT INTO room (id, version, capacity, ship_id) VALUES (1, 0, 34, 1);
INSERT INTO room (id, version, capacity, ship_id) VALUES (2, 0, 34, 1);
INSERT INTO room (id, version, capacity, ship_id) VALUES (3, 0, 34, 1);
INSERT INTO room (id, version, capacity, ship_id) VALUES (4, 0, 34, 1);
INSERT INTO room (id, version, capacity, ship_id) VALUES (5, 0, 34, 1);
INSERT INTO room (id, version, capacity, ship_id) VALUES (6, 0, 34, 1);
INSERT INTO room (id, version, capacity, ship_id) VALUES (7, 0, 34, 1);
INSERT INTO room (id, version, capacity, ship_id) VALUES (8, 0, 34, 1);
INSERT INTO room (id, version, capacity, ship_id) VALUES (9, 0, 34, 1);
INSERT INTO room (id, version, capacity, ship_id) VALUES (10, 0, 34, 1);
INSERT INTO room (id, version, capacity, ship_id) VALUES (11, 0, 34, 1);
INSERT INTO room (id, version, capacity, ship_id) VALUES (12, 0, 34, 1);
INSERT INTO city(id,version,description,name,country) VALUES (0,0,'pariatur eiusmod sit labore exercitation','Limestone','USA');
INSERT INTO city(id,version,description,name,country) VALUES (1,0,'fugiat enim non exercitation culpa','Elrama','USA');
INSERT INTO city(id,version,description,name,country) VALUES (2,0,'sit ut aliqua mollit non','Deltaville','USA');
INSERT INTO city(id,version,description,name,country) VALUES (3,0,'adipisicing eu quis occaecat sunt','Buxton','USA');
INSERT INTO city(id,version,description,name,country) VALUES (4,0,'ipsum consequat fugiat elit occaecat','Manila','USA');
INSERT INTO city(id,version,description,name,country) VALUES (5,0,'duis nulla commodo eiusmod sunt','Barclay','USA');
INSERT INTO city(id,version,description,name,country) VALUES (6,0,'nulla anim laborum nostrud magna','Odessa','USA');
INSERT INTO city(id,version,description,name,country) VALUES (7,0,'veniam nisi excepteur pariatur nisi','Indio','USA');
INSERT INTO city(id,version,description,name,country) VALUES (8,0,'occaecat est ad incididunt consequat','Churchill','USA');
INSERT INTO city(id,version,description,name,country) VALUES (9,0,'fugiat ipsum est occaecat occaecat','Tioga','USA');
INSERT INTO city(id,version,description,name,country) VALUES (10,0,'reprehenderit elit et id laboris','Belleview','USA');
INSERT INTO city(id,version,description,name,country) VALUES (11,0,'incididunt incididunt do ex magna','Chesapeake','USA');
INSERT INTO city(id,version,description,name,country) VALUES (12,0,'mollit duis adipisicing irure exercitation','Mansfield','USA');
INSERT INTO city(id,version,description,name,country) VALUES (13,0,'nostrud sunt nostrud aute tempor','Jacksonwald','USA');
INSERT INTO city(id,version,description,name,country) VALUES (14,0,'eiusmod laborum sunt proident qui','Brule','USA');
INSERT INTO city(id,version,description,name,country) VALUES (15,0,'ea anim reprehenderit in incididunt','National','USA');
INSERT INTO city(id,version,description,name,country) VALUES (16,0,'velit nostrud sint enim tempor','Basye','USA');
INSERT INTO city(id,version,description,name,country) VALUES (17,0,'eu adipisicing ea excepteur elit','Robinson','USA');
INSERT INTO city(id,version,description,name,country) VALUES (18,0,'sit excepteur elit culpa excepteur','Galesville','USA');
INSERT INTO city(id,version,description,name,country) VALUES (19,0,'eu dolor magna laborum aliquip','Bentley','USA');
INSERT INTO trip(id,version,start,end,name,ship_id) VALUES (0,0,'2020-01-26','2020-02-17','Bradley',2);
INSERT INTO trip(id,version,start,end,name,ship_id) VALUES (1,0,'2020-01-26','2020-02-17','Martinez',2);
INSERT INTO trip(id,version,start,end,name,ship_id) VALUES (2,0,'2020-01-26','2020-02-17','Rodriquez',4);
INSERT INTO trip(id,version,start,end,name,ship_id) VALUES (3,0,'2020-01-26','2020-02-17','Bowen',4);
INSERT INTO trip(id,version,start,end,name,ship_id) VALUES (4,0,'2020-01-26','2020-02-17','Carey',3);
INSERT INTO trip(id,version,start,end,name,ship_id) VALUES (5,0,'2020-01-26','2020-02-17','Cummings',2);
INSERT INTO trip(id,version,start,end,name,ship_id) VALUES (6,0,'2020-01-26','2020-02-17','Bailey',2);
INSERT INTO trip(id,version,start,end,name,ship_id) VALUES (7,0,'2020-01-26','2020-02-17','Hahn',3);
INSERT INTO trip(id,version,start,end,name,ship_id) VALUES (8,0,'2020-01-26','2020-02-17','Faulkner',1);
INSERT INTO trip(id,version,start,end,name,ship_id) VALUES (9,0,'2020-01-26','2020-02-17','Lee',2);
INSERT INTO service (dtype, id, version, description, name, price, end, start, ship_id, city_ids, scale_ids) VALUES ('Activity',0, 0, "Party by the ship's pool side", 'Pool party', 0, '1981-08-25', '1981-02-16', 1, null, null);
INSERT INTO service (dtype, id, version, description, name, price, end, start, ship_id, city_ids, scale_ids) VALUES ('Activity',1, 0, 'Dinner at the restaurant with the captain', 'Dinner with the Captain', 0, '1984-08-20', '1985-06-28', 1, null, null);
INSERT INTO service (dtype, id, version, description, name, price, end, start, ship_id, city_ids, scale_ids) VALUES ('Activity',2, 0, 'Animation for the kids', "Kid's games", 0, '1975-06-26', '2000-11-04', 2, null, null);
INSERT INTO service (dtype, id, version, description, name, price, end, start, ship_id, city_ids, scale_ids) VALUES ('Activity',3, 0, 'La La Land at the movie theatre', 'Movie: La La Land', 0, '1962-02-20', '1994-07-07', 3, null, null);
INSERT INTO service (dtype, id, version, description, name, price, end, start, ship_id, city_ids, scale_ids) VALUES ('Activity',4, 0, 'John Wick at the movie theatre', 'Movie: John Wick', 0, '1971-11-28', '1984-09-21', 1, null, null);
INSERT INTO service (dtype, id, version, description, name, price, end, start, ship_id, city_ids, scale_ids) VALUES ('Activity',5, 0, 'Toy Story at the movie theatre', 'Movie: Toy Story', 0, '1993-06-26', '1995-11-11', 1, null, null);
INSERT INTO service (dtype, id, version, description, name, price, end, start, ship_id, city_ids, scale_ids) VALUES ('Activity',6, 0, 'Exercise inside the pool with our animators', 'Exercise at the Pool', 0, '1963-12-24', '1960-04-02', 1, null, null);
INSERT INTO service (dtype, id, version, description, name, price, end, start, ship_id, city_ids, scale_ids) VALUES ('Activity',7, 0, "Yoga classes at the ship's gym", 'Yoga classes', 0, '1976-10-29', '1995-02-21', 1, null, null);
INSERT INTO service (dtype, id, version, description, name, price, end, start, ship_id, city_ids, scale_ids) VALUES ('Activity',8, 0, "Dj party by the ship's pool side", 'Dj party', 0, '1970-05-31', '1989-09-27', 2, null, null);
INSERT INTO service (dtype, id, version, description, name, price, end, start, ship_id, city_ids, scale_ids) VALUES ('Activity',9, 0, 'Karaoke night at the theatre', 'Karaoke night', 0, '1991-06-14', '1989-05-27', 3, null, null);
INSERT INTO service (dtype, id, version, description, name, price, end, start, ship_id, city_ids, scale_ids) VALUES ('Activity',10, 0, 'Fire show by the pool', 'Fire Show', 0, '1982-10-18', '1969-04-01', 1, null, null);
INSERT INTO service (dtype, id, version, description, name, price, end, start, ship_id, city_ids, scale_ids) VALUES ('Activity',11, 0, 'Reading club at the main lobby', 'Reading club', 0, '1989-04-30', '1984-02-19', 1, null, null);
INSERT INTO service (dtype, id, version, description, name, price, end, start, ship_id, city_ids, scale_ids) VALUES ('Activity',12, 0, "Wave pool created at the ship's pool", 'Wave pool', 0, '1982-05-05', '2002-04-20', 3, null, null);
INSERT INTO service (dtype, id, version, description, name, price, end, start, ship_id, city_ids, scale_ids) VALUES ('Activity',13, 0, "Disco night at the ship's disco", 'Disco night', 0, '1979-08-17', '1999-02-08', 2, null, null);
INSERT INTO service (dtype, id, version, description, name, price, end, start, ship_id, city_ids, scale_ids) VALUES ('Activity',14, 0, 'Evacuation test in case of emergency', 'Evacuation test', 0, '1988-10-08', '1981-07-28', 2, null, null);
INSERT INTO service (dtype, id, version, description, name, price, end, start, ship_id, city_ids, scale_ids) VALUES ('Service', 15, 0, 'Cocktails at the bar', 'Cocktails', 5.5, null, null, 2, null, null);
INSERT INTO service (dtype, id, version, description, name, price, end, start, ship_id, city_ids, scale_ids) VALUES ('Service', 16, 0, "Access to the ship's spa", 'Spa', 30, null, null, 2, null, null);
INSERT INTO service (dtype, id, version, description, name, price, end, start, ship_id, city_ids, scale_ids) VALUES ('Service', 17, 0, 'Daycare for the smaller ones of the family', 'Daycare', 10, null, null, 2, null, null);
INSERT INTO service (dtype, id, version, description, name, price, end, start, ship_id, city_ids, scale_ids) VALUES ('Service', 18, 0, 'Beauty care done by our team of professional therapists', 'Beauty Care', 50, null, null, 3, null, null);
INSERT INTO service (dtype, id, version, description, name, price, end, start, ship_id, city_ids, scale_ids) VALUES ('Service', 19, 0, 'Access to the VIP Lounge', 'VIP Lounge', 6.5, null, null, 1, null, null);
INSERT INTO service (dtype, id, version, description, name, price, end, start, ship_id, city_ids, scale_ids) VALUES ('Service', 20, 0, 'Full room service for the duration of the trip', 'Room Service', 29.99, null, null, 2, null, null);
INSERT INTO service (dtype, id, version, description, name, price, end, start, ship_id, city_ids, scale_ids) VALUES ('Service', 21, 0, "Full massage on the ship's spa", 'Full massage', 80, null, null, 2, null, null);
INSERT INTO service (dtype, id, version, description, name, price, end, start, ship_id, city_ids, scale_ids) VALUES ('Service', 22, 0, "Access to the ship's Internet Network", 'Internet Access', 1.5, null, null, 2, null, null);
INSERT INTO service (dtype, id, version, description, name, price, end, start, ship_id, city_ids, scale_ids) VALUES ('Service', 23, 0, "Access to the ship's Gym", 'Gym', 10, null, null, 2, null, null);
INSERT INTO service (dtype, id, version, description, name, price, end, start, ship_id, city_ids, scale_ids) VALUES ('Service', 24, 0, "Access to the ship's movie theatre", 'Movie Theatre', 5, null, null, 4, null, null);
INSERT INTO service (dtype, id, version, description, name, price, end, start, ship_id, city_ids, scale_ids) VALUES ('Service', 25, 0, 'Full service by the pool for the duration of the trip', 'Pool Service', 19.99, null, null, 1, null, null);
INSERT INTO service (dtype, id, version, description, name, price, end, start, ship_id, city_ids, scale_ids) VALUES ('Service', 26, 0, "Back massage on the ship's spa", 'Back massage', 50, null, null, 1, null, null);
INSERT INTO service (dtype, id, version, description, name, price, end, start, ship_id, city_ids, scale_ids) VALUES ('Service', 27, 0, "Souvenirs from the ship's gift shop", 'Souvenir', 9, null, null, 1, null, null);
INSERT INTO service (dtype, id, version, description, name, price, end, start, ship_id, city_ids, scale_ids) VALUES ('Service', 28, 0, "Table reservation at the ship's dining hall", 'Table reservation', 35, null, null, 1, null, null);
INSERT INTO service (dtype, id, version, description, name, price, end, start, ship_id, city_ids, scale_ids) VALUES ('Service', 29, 0, "Reserve a towel for the day at the ship's pool", 'Towel reservation', 15, null, null, 1, null, null);
INSERT INTO service (dtype, id, version, description, name, price, end, start, ship_id, city_ids, scale_ids) VALUES ('Tour',    30, 0, 'Tour around Shangai', 'Shangai Tour', 10, '2020-01-24', '2020-01-24', 1, 2, null);
INSERT INTO service (dtype, id, version, description, name, price, end, start, ship_id, city_ids, scale_ids) VALUES ('Tour',    31, 0, 'Tour around Busan', 'Busan Tour', 30, '2020-01-24', '2020-01-24', 2, 3, null);
INSERT INTO service (dtype, id, version, description, name, price, end, start, ship_id, city_ids, scale_ids) VALUES ('Tour',    32, 0, 'Tour around Colon', 'Colon Tour', 20, '2020-01-24', '2020-01-24', 2, 4, null);
INSERT INTO service (dtype, id, version, description, name, price, end, start, ship_id, city_ids, scale_ids) VALUES ('Tour',    33, 0, 'Tour around Jeddah', 'Jeddah Tour', 20, '2020-01-24', '2020-01-24', 2, 4, null);
INSERT INTO service (dtype, id, version, description, name, price, end, start, ship_id, city_ids, scale_ids) VALUES ('Tour',    34, 0, 'Tour around Valencia', 'Valencia Tour', 20, '2020-01-24', '2020-01-24', 1, 3, null);
INSERT INTO service (dtype, id, version, description, name, price, end, start, ship_id, city_ids, scale_ids) VALUES ('Tour',    35, 0, 'Tour around Istambul', 'Istambul Tour', 20, '2020-01-24', '2020-01-24', 3, 4, null);
INSERT INTO service (dtype, id, version, description, name, price, end, start, ship_id, city_ids, scale_ids) VALUES ('Tour',    36, 0, 'Tour around Istambul', 'Istambul Tour', 20, '2020-01-24', '2020-01-24', 3, 4, null);
INSERT INTO service (dtype, id, version, description, name, price, end, start, ship_id, city_ids, scale_ids) VALUES ('Tour',    37, 0, 'Tour around Hamburg', 'Hamburg Tour', 20, '2020-01-24', '2020-01-24', 3, 4, null);
INSERT INTO service (dtype, id, version, description, name, price, end, start, ship_id, city_ids, scale_ids) VALUES ('Tour',    38, 0, 'Tour around Tokio', 'Tokio Tour', 20, '2020-01-24', '2020-01-24', 3, 3, null);
INSERT INTO service (dtype, id, version, description, name, price, end, start, ship_id, city_ids, scale_ids) VALUES ('Tour',    39, 0, 'Tour around Barcelona', 'Barcelona Tour', 20, '2020-01-24', '2020-01-24', 3, 3, null);
INSERT INTO service (dtype, id, version, description, name, price, end, start, ship_id, city_ids, scale_ids) VALUES ('Tour',    40, 0, 'TOur around LA', 'LA Tour', 20, '2020-01-24', '2020-01-24', 2, 3, null);
INSERT INTO service (dtype, id, version, description, name, price, end, start, ship_id, city_ids, scale_ids) VALUES ('Tour',    41, 0, 'Tour around Hamburg', 'Hamburg Tour', 20, '2020-01-24', '2020-01-24', 2, 4, null);
INSERT INTO service (dtype, id, version, description, name, price, end, start, ship_id, city_ids, scale_ids) VALUES ('Tour',    42, 0, 'Tour around Shangai at night', 'Shangai Tour night', 20, '2020-01-24', '2020-01-24', 3, 2, null);
INSERT INTO service (dtype, id, version, description, name, price, end, start, ship_id, city_ids, scale_ids) VALUES ('Tour',    43, 0, 'Tour around Amberes', 'Amberes Tour', 20, '2020-01-24', '2020-01-24', 1, 3, null);
INSERT INTO service (dtype, id, version, description, name, price, end, start, ship_id, city_ids, scale_ids) VALUES ('Tour',    44, 0, 'Tour around Rotterdam', 'Rotterdam Tour', 20, '2020-01-24', '2020-01-24', 4, 3, null);
INSERT INTO purchase(id, version) VALUES(0, 0);
INSERT INTO purchase(id, version) VALUES(1, 0);
INSERT INTO purchase(id, version) VALUES(2, 0);
INSERT INTO purchase(id, version) VALUES(3, 0);
INSERT INTO purchase(id, version) VALUES(4, 0);
INSERT INTO purchase(id, version) VALUES(5, 0);
INSERT INTO purchase(id, version) VALUES(6, 0);
INSERT INTO purchase(id, version) VALUES(7, 0);
INSERT INTO purchase(id, version) VALUES(8, 0);
INSERT INTO purchase(id, version) VALUES(9, 0);
INSERT INTO purchase(id, version) VALUES(10, 0);
INSERT INTO purchase(id, version) VALUES(11, 0);
INSERT INTO purchase(id, version) VALUES(12, 0);
INSERT INTO purchase(id, version) VALUES(13, 0);
INSERT INTO purchase(id, version) VALUES(14, 0);
INSERT INTO purchase(id, version) VALUES(15, 0);
INSERT INTO purchase(id, version) VALUES(16, 0);
INSERT INTO shop_line(id, version, amount, price, purchase_id, service_id) VALUES (1, 0, 2, 44.5, 0, 3);
INSERT INTO shop_line(id, version, amount, price, purchase_id, service_id) VALUES (2, 0, 2, 44.5, 0, 3);
INSERT INTO shop_line(id, version, amount, price, purchase_id, service_id) VALUES (3, 0, 2, 44.5, 0, 3);
INSERT INTO shop_line(id, version, amount, price, purchase_id, service_id) VALUES (4, 0, 2, 44.5, 0, 3);
INSERT INTO shop_line(id, version, amount, price, purchase_id, service_id) VALUES (5, 0, 2, 44.5, 0, 3);
INSERT INTO user_trip(id, version, room_id, user_id, trip_id, purchase_id) VALUES (1, 0, 11, 2, 0, 0);
INSERT INTO user_trip(id, version, room_id, user_id, trip_id, purchase_id) VALUES (2, 0, 12, 2, 1, 1);
INSERT INTO user_trip(id, version, room_id, user_id, trip_id, purchase_id) VALUES (3, 0, 11, 2, 2, 2);
INSERT INTO user_trip(id, version, room_id, user_id, trip_id, purchase_id) VALUES (4, 0, 10, 2, 3, 3);
INSERT INTO user_trip(id, version, room_id, user_id, trip_id, purchase_id) VALUES (5, 0, 9, 2, 4, 5);
INSERT INTO user_trip(id, version, room_id, user_id, trip_id, purchase_id) VALUES (6, 0, 8, 2, 5, null);
INSERT INTO user_trip(id, version, room_id, user_id, trip_id, purchase_id) VALUES (7, 0, 7, 2, 6, null);
INSERT INTO user_trip(id, version, room_id, user_id, trip_id, purchase_id) VALUES (8, 0, 6, 8, 7, null);
INSERT INTO user_trip(id, version, room_id, user_id, trip_id, purchase_id) VALUES (9, 0, 5, 2, 8, null);
INSERT INTO user_trip(id, version, room_id, user_id, trip_id, purchase_id) VALUES (10,0, 4, 2, 9, null);