INSERT INTO user (id, version, dni, email, enabled, first_name, last_name, password, phone, role) VALUES (1, 0, '00000000U', 'admin@okto.com', true, 'Admin', 'Okto', '$2a$11$tNG1UpCgjuTgsesqG/E5AO7ATTTBqUlxxCE0A5eFtF6IP6CP8LHiO', '000000000', 'admin');
INSERT INTO user (id, version, dni, email, enabled, first_name, last_name, password, phone, role) VALUES (2, 0, '00000000V', 'user@okto.com', true, 'User', 'Okto', '$2a$11$rhd86bJZ8VPusllK5NLC7eMnhrDLxs4yRKgzWW8Nuo3yqj4jqxzWq', '000000001', 'user');
INSERT INTO user (id, version, dni, email, enabled, first_name, last_name, password, phone, role) VALUES (3, 0, '00000000W', 'manager@okto.com', true, 'Manager', 'Okto', '$2a$11$FjH2IdykAlt5cX9A.EF/LOxfOiLg4VLs04gNG96q2/5zLaKP382d.', '000000002', 'manager');
INSERT INTO user (id, version, dni, email, enabled, first_name, last_name, password, phone, role) VALUES (4, 0, '12345678A', 'user1@okto.com', true, 'Carlos Rodrigo', 'Sanabria Flores', '$2a$11$EBfrFDITUCKmj8KZArAiq.dcDGY80kZkz0qF.Bo2C53fZlh9xA7dK', '111111111', 'user');
INSERT INTO user (id, version, dni, email, enabled, first_name, last_name, password, phone, role) VALUES (5, 0, '12345678B', 'user2@okto.com', true, 'Félix', 'Rodríguez Pericacho', '$2a$11$Ozv/viqw03EUA77Vz/THw.REtqC0Zh3tyT/4p/JkYwg/FFN9IVFmu', '222222222', 'user');
INSERT INTO user (id, version, dni, email, enabled, first_name, last_name, password, phone, role) VALUES (6, 0, '12345678C', 'user3@okto.com', true, 'Álvaro', 'Braza Andrades', '$2a$11$naJGXerMtY3B96Mx1gtem.5gnrk.fFN66nVJ.ix77gc0ej01YdLq2', '333333333', 'user');
INSERT INTO user (id, version, dni, email, enabled, first_name, last_name, password, phone, role) VALUES (7, 0, '12345678D', 'user4@okto.com', true, 'Borja', 'Romero Fernández', '$2a$11$3/QkaFHrFudfJVPjUUfcPu5Yl6g9ub5ZkuoF0fGnwHpKqGWQVf6/W', '444444444', 'user');
INSERT INTO user (id, version, dni, email, enabled, first_name, last_name, password, phone, role) VALUES (8, 0, '12345678E', 'user5@okto.com', true, 'Juan', 'Ruiz Bonald', '$2a$11$0UzMkkB9wC9UzfNFboSVte2bf0Yjxb4Zx2DGGwC.n4ozDT5mC45Xe', '555555555', 'user');
INSERT INTO user (id, version, dni, email, enabled, first_name, last_name, password, phone, role) VALUES (9, 0, '12345678F', 'user6@okto.com', true, 'Rubén', 'Montero Domínguez', '$2a$11$aevUyJlA7zrGq1uOLhvYaOxbYGNokn14q6zup14Zy4L9WC2.Jix0S', '666666666', 'user');
INSERT INTO user (id, version, dni, email, enabled, first_name, last_name, password, phone, role) VALUES (10, 0, '12345678G', 'user7@okto.com', true, 'Carmen del Mar', 'Ruiz de Celis', '$2a$11$sLzypUMuxR0sTgZgxTNby.phQVo84AZxUSnWewBAjCk5FScFtFC.u', '777777777', 'user');
INSERT INTO user (id, version, dni, email, enabled, first_name, last_name, password, phone, role) VALUES (11, 0, '12345678H', 'user8@okto.com', true, 'Esperanza', 'Cano Canalejas', '$2a$11$OVEkHp0OkgeqsX0LvKMixuBCXSSPYSlOi5odl5TBx24B6xSm4mJAm', '888888888', 'user');
INSERT INTO user (id, version, dni, email, enabled, first_name, last_name, password, phone, role) VALUES (12, 0, '12345678I', 'user9@okto.com', true, 'Paloma', 'Martínez-Esparza Castro', '$2a$11$XFDILvk/rtLuiGoev.j9kuQzpguyT5hEooj2MzBJ1kFhpv634LozK', '999999999', 'user');
INSERT INTO user (id, version, dni, email, enabled, first_name, last_name, password, phone, role) VALUES (13, 0, '12345678J', 'user10@okto.com', true, 'Kevin', 'López Cala', '$2a$11$3NjwV3w0KCyUX28/68UEuusiXvlCcHyz/KNiiYEQ/KLdZ13gfaAGC', '101010101', 'user');
INSERT INTO user (id, version, dni, email, enabled, first_name, last_name, password, phone, role) VALUES (14, 0, '12345678K', 'user11@okto.com', true, 'Rafael', 'Román Aguilar', '$2a$11$Q.AV72CSyFSsCZWdktg.oe7mYlRvvGuYgDWqXG.9BQKLuhUx4EmC6', '110110110', 'user');
INSERT INTO user (id, version, dni, email, enabled, first_name, last_name, password, phone, role) VALUES (15, 0, '12345678L', 'user12@okto.com', true, 'Claudia', 'Soriano Roldán', '$2a$11$0rPwYzivuQfXGC6Qbf3.deYOlA/iNw/mkd69hbwnipIsvN6BPn3iC', '121212121', 'user');
INSERT INTO user (id, version, dni, email, enabled, first_name, last_name, password, phone, role) VALUES (16, 0, '12345678M', 'user13@okto.com', true, 'Pedro', 'Soriano Ruiz', '$2a$11$YWTFQ.E9iMO0zUs5ANFU1Ob/Cmdat5/KcPjrMF.oMQlvTLrDM9hJu', '131313131', 'user');
INSERT INTO user (id, version, dni, email, enabled, first_name, last_name, password, phone, role) VALUES (17, 0, '12345678N', 'user14@okto.com', true, 'Raúl', 'Escribano Corrales', '$2a$11$GgTw9KvBc/HP0EiPE.pejOiU4Zt1bB9UsaMM3JmhLYQhlGryPdtWS', '141414141', 'user');
INSERT INTO user (id, version, dni, email, enabled, first_name, last_name, password, phone, role) VALUES (18, 0, '12345678O', 'user15@okto.com', true, 'Pablo', 'Granados Valencia', '$2a$11$NxTmF9/VUN3zgmM7LsaixOoVUCApfurc2hIAWiS4GWZPoFmd49z3.', '151515151', 'user');
INSERT INTO user (id, version, dni, email, enabled, first_name, last_name, password, phone, role) VALUES (19, 0, '12345678P', 'user16@okto.com', true, 'Marta', 'Rendón Salvador', '$2a$11$DPeJZ6NR7E69zP2pnaWpR.yYkDa6WQmDMnnwm48VT.Q8VwI0Mt5mC', '161616161', 'user');
INSERT INTO user (id, version, dni, email, enabled, first_name, last_name, password, phone, role) VALUES (20, 0, '12345678Q', 'user17@okto.com', true, 'Luis', 'de Celis Muñoz', '$2a$11$FUPQov9xxBrS/6LYH8umn.2G/.3WuZGne79jCFskHw7XPv/lZzzVG', '171717171', 'user');
INSERT INTO user (id, version, dni, email, enabled, first_name, last_name, password, phone, role) VALUES (21, 0, '12345678R', 'user18@okto.com', true, 'José María', 'Castaño Torres', '$2a$11$5/jgyXjark/SK9ltYRqLh.uo6XDHQJqAW/0imfbBt20uzs9PwAY1m', '181818181', 'user');
INSERT INTO user (id, version, dni, email, enabled, first_name, last_name, password, phone, role) VALUES (22, 0, '12345678S', 'user19@okto.com', true, 'Antonio', 'Espinosa Barrios', '$2a$11$xZczusdo8UJ3dS5j7sprjO/eejwdsPpvBgkv62OWKsVMsNFxB10h2', '191919191', 'user');
INSERT INTO user (id, version, dni, email, enabled, first_name, last_name, password, phone, role) VALUES (23, 0, '12345678T', 'user20@okto.com', true, 'Pablo', 'López Márquez', '$2a$11$JFiIBZqgZY71pfqNVWpAiu..Y/bnq.9nT/Am8WSEjD7uvr.Vt7ro.', '202020202', 'user');
INSERT INTO ship (id, version, capacity, length, name) VALUES (1, 0, 3000, 23, 'Costa Concordia');
INSERT INTO ship (id, version, capacity, length, name) VALUES (2, 0, 3000, 23, 'Carnival Glory');
INSERT INTO ship (id, version, capacity, length, name) VALUES (3, 0, 3000, 23, 'Carnival Legend');
INSERT INTO ship (id, version, capacity, length, name) VALUES (4, 0, 3000, 23, 'Carnival Liberty');
INSERT INTO room (id, version, capacity, ship_id) VALUES (1, 0, 34, 1);
INSERT INTO room (id, version, capacity, ship_id) VALUES (2, 0, 34, 1);
INSERT INTO room (id, version, capacity, ship_id) VALUES (3, 0, 34, 1);
INSERT INTO room (id, version, capacity, ship_id) VALUES (4, 0, 34, 1);
INSERT INTO room (id, version, capacity, ship_id) VALUES (5, 0, 34, 1);
INSERT INTO room (id, version, capacity, ship_id) VALUES (6, 0, 34, 1);
INSERT INTO room (id, version, capacity, ship_id) VALUES (7, 0, 34, 1);
INSERT INTO room (id, version, capacity, ship_id) VALUES (8, 0, 34, 1);
INSERT INTO room (id, version, capacity, ship_id) VALUES (9, 0, 34, 1);
INSERT INTO room (id, version, capacity, ship_id) VALUES (10, 0, 34, 1);
INSERT INTO room (id, version, capacity, ship_id) VALUES (11, 0, 34, 1);
INSERT INTO room (id, version, capacity, ship_id) VALUES (12, 0, 34, 1);
INSERT INTO city(id,version,description,name) VALUES (0,0,'pariatur eiusmod sit labore exercitation','Limestone');
INSERT INTO city(id,version,description,name) VALUES (1,0,'fugiat enim non exercitation culpa','Elrama');
INSERT INTO city(id,version,description,name) VALUES (2,0,'sit ut aliqua mollit non','Deltaville');
INSERT INTO city(id,version,description,name) VALUES (3,0,'adipisicing eu quis occaecat sunt','Buxton');
INSERT INTO city(id,version,description,name) VALUES (4,0,'ipsum consequat fugiat elit occaecat','Manila');
INSERT INTO city(id,version,description,name) VALUES (5,0,'duis nulla commodo eiusmod sunt','Barclay');
INSERT INTO city(id,version,description,name) VALUES (6,0,'nulla anim laborum nostrud magna','Odessa');
INSERT INTO city(id,version,description,name) VALUES (7,0,'veniam nisi excepteur pariatur nisi','Indio');
INSERT INTO city(id,version,description,name) VALUES (8,0,'occaecat est ad incididunt consequat','Churchill');
INSERT INTO city(id,version,description,name) VALUES (9,0,'fugiat ipsum est occaecat occaecat','Tioga');
INSERT INTO city(id,version,description,name) VALUES (10,0,'reprehenderit elit et id laboris','Belleview');
INSERT INTO city(id,version,description,name) VALUES (11,0,'incididunt incididunt do ex magna','Chesapeake');
INSERT INTO city(id,version,description,name) VALUES (12,0,'mollit duis adipisicing irure exercitation','Mansfield');
INSERT INTO city(id,version,description,name) VALUES (13,0,'nostrud sunt nostrud aute tempor','Jacksonwald');
INSERT INTO city(id,version,description,name) VALUES (14,0,'eiusmod laborum sunt proident qui','Brule');
INSERT INTO city(id,version,description,name) VALUES (15,0,'ea anim reprehenderit in incididunt','National');
INSERT INTO city(id,version,description,name) VALUES (16,0,'velit nostrud sint enim tempor','Basye');
INSERT INTO city(id,version,description,name) VALUES (17,0,'eu adipisicing ea excepteur elit','Robinson');
INSERT INTO city(id,version,description,name) VALUES (18,0,'sit excepteur elit culpa excepteur','Galesville');
INSERT INTO city(id,version,description,name) VALUES (19,0,'eu dolor magna laborum aliquip','Bentley');
INSERT INTO trip(id,version,start,end,name,ship_id) VALUES (0,0,'2020-01-26','2020-02-17','Bradley',2);
INSERT INTO trip(id,version,start,end,name,ship_id) VALUES (1,0,'2020-01-26','2020-02-17','Martinez',2);
INSERT INTO trip(id,version,start,end,name,ship_id) VALUES (2,0,'2020-01-26','2020-02-17','Rodriquez',4);
INSERT INTO trip(id,version,start,end,name,ship_id) VALUES (3,0,'2020-01-26','2020-02-17','Bowen',4);
INSERT INTO trip(id,version,start,end,name,ship_id) VALUES (4,0,'2020-01-26','2020-02-17','Carey',3);
INSERT INTO trip(id,version,start,end,name,ship_id) VALUES (5,0,'2020-01-26','2020-02-17','Cummings',2);
INSERT INTO trip(id,version,start,end,name,ship_id) VALUES (6,0,'2020-01-26','2020-02-17','Bailey',2);
INSERT INTO trip(id,version,start,end,name,ship_id) VALUES (7,0,'2020-01-26','2020-02-17','Hahn',3);
INSERT INTO trip(id,version,start,end,name,ship_id) VALUES (8,0,'2020-01-26','2020-02-17','Faulkner',1);
INSERT INTO trip(id,version,start,end,name,ship_id) VALUES (9,0,'2020-01-26','2020-02-17','Lee',2);
INSERT INTO service(id,version,dtype,description,name,price,ship_id) VALUES (1,12311234356,'ocio','disfruta de un spa relajante o de un,masaje','spavolution',14.99,1);
INSERT INTO service(id,version,dtype,description,name,price,ship_id) VALUES (2,12311233356,'ocio','piscina al aire libre','piscina',0,1);
INSERT INTO service(id,version,dtype,description,name,price,ship_id) VALUES (3,14311234356,'deporte','alquiler de pistas de padel y material deportivo','padelista',4.5,1);
INSERT INTO service(id,version,dtype,description,name,price,ship_id) VALUES (4,14311234386,'comida','restaurante de comida china','gran muralla',19.95,2);
INSERT INTO service(id,version,dtype,description,name,price,ship_id) VALUES (5,14391234356,'comida','restaurante de comida italiana','bella ciao',14.99,3);
INSERT INTO service(id,version,dtype,description,name,price,ship_id) VALUES (6,64311234356,'comida','restaurante de comida rapida','fastService',7.99,2);
INSERT INTO service(id,version,dtype,description,name,price,ship_id) VALUES (7,24311234356,'ocio','discoteca nocturna','MomartOcean',7.99,3);
INSERT INTO service(id,version,dtype,description,name,price,ship_id) VALUES (8,14399234356,'regalos','tienda de souvenirs','giftShop',19.99,4);
INSERT INTO user_trip(id,version,room_id,user_id,trip_id) VALUES (1,12311234356,11,1,8);
INSERT INTO user_trip(id,version,room_id,user_id,trip_id) VALUES (2,12301234356,12,1,8);
INSERT INTO user_trip(id,version,room_id,user_id,trip_id) VALUES (3,12411234356,11,3,8);
INSERT INTO user_trip(id,version,room_id,user_id,trip_id) VALUES (4,12111234356,10,4,8);
INSERT INTO user_trip(id,version,room_id,user_id,trip_id) VALUES (5,12322224356,9,5,8);
INSERT INTO user_trip(id,version,room_id,user_id,trip_id) VALUES (6,12355534356,8,6,8);
INSERT INTO user_trip(id,version,room_id,user_id,trip_id) VALUES (7,12311234776,7,7,1);
INSERT INTO user_trip(id,version,room_id,user_id,trip_id) VALUES (8,12311234306,6,8,8);
INSERT INTO user_trip(id,version,room_id,user_id,trip_id) VALUES (9,10311234356,5,9,8);
INSERT INTO user_trip(id,version,room_id,user_id,trip_id) VALUES (10,12310234356,4,10,8);

